2015-07-01,Hilary Trump,QDX4955,Simon Frampton,2015-07-03,2015-08-24,1
2015-07-02,Bill Key,ECP7715,Peri Duffy,2015-07-03,2015-09-30,1
2015-07-04,Donald Clinton,ZIK8925,Steve Renison,2015-07-06,2015-07-24,1
2015-07-11,Donald Clinton,LTS6784,Richard Cain,2015-07-13,2015-09-26,1
2015-07-13,Hilary Trump,HGM6173,Philip Mitchell,2015-07-16,2015-10-03,1
2015-07-20,Amit Oliver,CEV6132,Evelyn Rae,2015-07-23,2016-02-12,0
2015-08-03,Lesley Young,PGJ7161,Evelyn Rae,2015-08-04,2015-08-04,1
2015-08-15,Bill Key,NKX8076,Steve Renison,2015-08-15,2015-08-23,1
2015-08-17,John English,MXC8908,Steve Renison,2015-08-18,2015-10-19,1
2015-08-18,Bill Key,NTQ8299,Greta McLean,2015-08-20,2015-09-08,1
2015-09-01,Ralph Smith,QNE4372,Nabaz Sayeed,2015-09-01,2015-10-21,1
2015-09-03,Bill Key,GIR5104,Philip Mitchell,2015-09-04,2015-09-29,1
2015-09-04,Lesley Young,XKD2272,John Martin,2015-09-04,2015-10-12,1
2015-09-03,Lesley Young,DVX6602,Michael Lewis,2015-09-05,2015-10-14,1
2015-09-03,Linda Moore,JIB5920,Karen Reid,2015-09-05,2015-12-05,1
2015-09-06,Lesley Young,YCX9278,Michael Lewis,2015-09-08,2015-11-05,1
2015-09-07,Bill Key,LMV5416,Philip Mitchell,2015-09-09,2015-11-14,1
2015-09-24,Lesley Young,YBB1095,Karen Reid,2015-09-27,2015-12-03,1
2015-10-02,Michael Scott,TBC7855,Lindsay Nelson,2015-10-04,2015-10-09,1
2015-10-05,John Richards,SXL9274,Andy La Salle,2015-10-06,2015-12-31,1
2015-10-14,Amit Oliver,AUX6004,Greta McLean,2015-10-17,2015-12-20,1
2015-10-16,Lesley Young,SEO7156,Andrew Hood,2015-10-18,2015-10-26,1
2015-10-23,Ralph Smith,XUA5670,Philip Mitchell,2015-10-25,2015-12-05,1
2015-10-24,Michael Scott,GMC9989,Nabaz Sayeed,2015-10-25,2016-10-16,1
2015-11-08,Hilary Trump,SHN9256,Karen Reid,2015-11-08,2016-01-03,1
2015-11-09,Michael Scott,XSI7349,Michael Lewis,2015-11-11,2016-02-08,1
2015-11-10,John English,NHK9888,Nabaz Sayeed,2015-11-12,2016-01-06,1
2015-11-15,Hilary Trump,NCR0550,Lindsay Nelson,2015-11-15,2015-12-12,1
2015-11-17,Michael Scott,CNF6489,Simon Frampton,2015-11-18,2016-01-20,1
2015-11-17,Linda Moore,MSC5721,Karen Reid,2015-11-20,2015-12-31,1
2015-11-25,Michael Scott,VWH6907,Simon Frampton,2015-11-28,2016-02-21,1
2015-12-02,Hilary Trump,GOZ3094,John Martin,2015-12-03,2016-01-18,1
2015-12-05,Ralph Smith,CMZ6415,Michael Lewis,2015-12-06,,1
2015-12-05,John English,TNH6480,Michael Lewis,2015-12-07,2016-02-25,1
2015-12-08,Michael Scott,QIJ3412,Philip Mitchell,2015-12-08,2016-02-18,1
2015-12-30,Lesley Young,BAK4481,Nabaz Sayeed,2015-12-31,2016-01-11,1
2016-01-02,Bill Key,CBD3031,Philip Mitchell,2016-01-02,2016-02-09,1
2016-01-03,Lesley Young,BBB5629,Robert Patrick,2016-01-03,2016-02-02,1
2015-12-31,John Richards,SYK7786,Peri Duffy,2016-01-03,2016-02-11,1
2016-01-04,Amit Oliver,ODR2838,Peri Duffy,2016-01-06,2016-02-27,1
2016-01-06,John English,KDD9523,John Martin,2016-01-08,2016-02-29,1
2016-01-12,Lesley Young,ASD4088,Andy La Salle,2016-01-14,,1
2016-01-22,Donald Clinton,GIQ8970,Karen Reid,2016-01-23,2016-03-23,1
2016-01-24,Hilary Trump,GEK5713,Nabaz Sayeed,2016-01-27,2016-03-05,1
2016-02-02,Amit Oliver,TGS0798,Greta McLean,2016-02-03,2016-03-09,1
2016-02-01,Ralph Smith,CYC0720,Andy La Salle,2016-02-04,2016-03-22,1
2016-02-05,Ralph Smith,SMH8891,Peri Duffy,2016-02-07,2016-03-16,1
2016-02-07,Linda Moore,FBG1062,Peri Duffy,2016-02-08,2016-02-10,1
2016-02-14,Hilary Trump,XKX1957,Nabaz Sayeed,2016-02-15,2016-09-06,1
2016-02-20,Lesley Young,AFH7245,Steve Renison,2016-02-21,2016-04-25,1
2016-02-24,Ralph Smith,TXP4069,Michael Lewis,2016-02-24,2016-03-16,1
2016-02-21,Michael Scott,MRL3058,Steve Renison,2016-02-24,2016-05-16,1
2016-02-24,Amit Oliver,FVL8648,John Martin,2016-02-25,2016-05-07,1
2016-02-26,Hilary Trump,GKY3212,Greta McLean,2016-02-27,2016-09-03,0
2016-03-05,Ralph Smith,ETV6899,John Martin,2016-03-08,2016-03-28,1
2016-03-09,Donald Clinton, err001,Philip Mitchell,2016-03-09,2016-05-29,1
2016-03-08,John English,VFY9388,Evelyn Rae,2016-03-11,2016-05-08,1
2016-03-20,Lesley Young,JBK3991,Lindsay Nelson,2016-03-21,2016-03-21,1
2016-03-20,Lesley Young,ZYF6173,Steve Renison,2016-03-21,2016-05-16,1
2016-03-25,John English,VSV3481,Peri Duffy,2016-03-28,2016-04-12,1
2016-03-28,John English,MHR6896,Peri Duffy,2016-03-28,2016-04-16,1
2016-03-26,Donald Clinton,YDV0095,Evelyn Rae,2016-03-29,2016-05-12,1
2016-03-28,Ralph Smith,BDF4913,John Martin,2016-03-30,2016-05-18,1
2016-03-29,John Richards,IWU6403,Andrew Hood,2016-04-01,2016-05-15,1
2016-04-04,Amit Oliver,BVF7686,Andrew Hood,2016-04-05,2016-06-02,1
2016-04-09,Michael Scott,RIQ9260,Robert Patrick,2016-04-09,2016-06-10,1
2016-04-12,John English,MMH2864,Andy La Salle,2016-04-15,2016-07-08,1
2016-04-16,Donald Clinton,RWT4192,Richard Cain,2016-04-18,2016-04-26,1
2016-04-18,Linda Moore,CYZ8554,Simon Frampton,2016-04-19,2016-06-30,1
2016-04-18,Ralph Smith,YBS8538,Richard Cain,2016-04-20,2016-05-09,1
2016-04-19,Ralph Smith,VZQ5362,Andy La Salle,2016-04-20,2016-06-14,1
2016-04-18,Michael Scott,CST7448,Peri Duffy,2016-04-20,2016-07-01,1
2016-04-20,Michael Scott,NWM8466,Andrew Hood,2016-04-22,2016-07-17,1
2016-04-22,John Richards,LQI3268,Karen Reid,2016-04-25,,1
2016-04-26,Ralph Smith,LFV3925,Steve Renison,2016-04-27,2016-06-14,1
2016-04-28,John English,WHU5837,Peri Duffy,2016-04-29,2016-07-08,1
2016-05-04,Michael Scott,ABR7945,Peri Duffy,2016-05-04,2016-06-04,1
2016-05-02,Donald Clinton,PLL2090,Lindsay Nelson,2016-05-05,2016-06-24,1
2016-05-14,Donald Clinton,MFO6152,Nabaz Sayeed,2016-05-16,2016-06-18,1
2016-05-23,Linda Moore, err002,Robert Patrick,2016-05-24,2016-08-24,1
2016-05-26,John Richards,TWT8902,John Martin,2016-05-27,2016-07-12,1
2016-06-04,Michael Scott,WHL2345,Evelyn Rae,2016-06-07,2016-06-09,1
2016-06-15,Lesley Young,WSU4675,Peri Duffy,2016-06-17,,1
2016-06-16,Linda Moore,OBR6693,Greta McLean,2016-06-17,2016-08-26,1
2016-06-18,Ralph Smith,DPB3234,John Martin,2016-06-20,2016-07-23,1
2016-06-19,Bill Key,YSN6005,Robert Patrick,2016-06-22,2016-09-02,1
2016-06-23,Lesley Young,FDM8849,Michael Lewis,2016-06-23,2016-09-02,1
2016-06-22,Michael Scott,FQI2958,Nabaz Sayeed,2016-06-24,2016-07-17,1
2016-06-25,Ralph Smith,AFC3291,Andy La Salle,2016-06-27,2016-07-16,1
2016-07-07,Bill Key,OJC2233,Andy La Salle,2016-07-07,2016-09-22,1
2016-07-14,John Richards,NPF7673,Andrew Hood,2016-07-17,,1
2016-07-15,Ralph Smith,ISJ1177,Karen Reid,2016-07-17,2016-09-02,1
2016-07-19,Hilary Trump,GDR6737,Andrew Hood,2016-07-20,2016-10-17,1
2016-07-21,John English,STU8856,Andy La Salle,2016-07-23,2016-07-23,1
2016-07-21,Donald Clinton, err003,Michael Lewis,2016-07-24,2016-10-16,1
2016-07-23,Michael Scott,CLZ1078,Simon Frampton,2016-07-26,2016-09-23,1
2016-07-27,John Richards,PZD7227,Peri Duffy,2016-07-27,,1
2016-08-10,Donald Clinton,CCB6831,Lindsay Nelson,2016-08-10,2016-08-24,1
2016-08-09,John English,IXF4149,Karen Reid,2016-08-12,2016-09-23,1
2016-08-11,Hilary Trump,NIV5772,Lindsay Nelson,2016-08-13,2016-10-02,1